record_level,model_stage,forget_count,forget_labels,update_scope,repeat_index,optimization_seed,unlearning_epochs,label_selection_context,base_model_reused,encoder_pretrain,encoder_frozen_for_base_training,unknown_threshold,train_samples,validation_samples,test_samples,df_train_samples,df_validation_samples,df_test_samples,dr_train_samples,dr_validation_samples,dr_test_samples,loss,accuracy,balanced_accuracy,known_recall,unknown_recall,forget_rate_before,forget_rate_after,accuracy_mean,accuracy_std,balanced_accuracy_mean,balanced_accuracy_std,forget_rate_mean,forget_rate_std,context_notes_vi,source_extracted_at,source_file,current_notebook_configuration
base,base_model_before_unlearning,0,,base_model,,,0,not applicable,true,pretrain_AOL.pth,true,0.5,12659,2233,14895,,,,,,,0.19057697411097843,0.9520644511581068,0.9359330949948927,0.8888661899897855,0.983,,,,,,,,,"Base model được tái sử dụng từ checkpoint đã lưu. Bài toán nhị phân: AOL=known, nguồn 273=unknown. Accuracy được đo trên 14,895 mẫu test với threshold unknown 0.50.",2026-09-22T15:26:55+00:00,vm_code/out_data/vm_outputs.json,Notebook has since been updated for independent nested 1/4/8-label experiments; these rows summarize the last completed single-label run.
repeat,after_unlearning,1,starter_kit_for_aol_high_speed,head_only,0,42,3,auto-random from 50 eligible AOL labels; selection seed=42,true,pretrain_AOL.pth,true,0.5,12659,2233,14895,85,15,100,12574,2218,14795,,0.9577,0.9424,,,0.06,1,,,,,,,"Quên đồng thời toàn bộ mẫu của 1 nhãn AOL (starter_kit_for_aol_high_speed). Df được tối ưu thành unknown; Dr giữ nhãn nhị phân gốc. Scope=head_only, 3 epoch; checkpoint chọn theo trung bình Df-validation forget rate và Dr-validation balanced accuracy.",2026-09-22T15:26:55+00:00,vm_code/out_data/vm_outputs.json,Notebook has since been updated for independent nested 1/4/8-label experiments; these rows summarize the last completed single-label run.
repeat,after_unlearning,1,starter_kit_for_aol_high_speed,head_only,1,43,3,auto-random from 50 eligible AOL labels; selection seed=42,true,pretrain_AOL.pth,true,0.5,12659,2233,14895,85,15,100,12574,2218,14795,,0.9587,0.9456,,,0.06,1,,,,,,,"Quên đồng thời toàn bộ mẫu của 1 nhãn AOL (starter_kit_for_aol_high_speed). Df được tối ưu thành unknown; Dr giữ nhãn nhị phân gốc. Scope=head_only, 3 epoch; checkpoint chọn theo trung bình Df-validation forget rate và Dr-validation balanced accuracy.",2026-09-22T15:26:55+00:00,vm_code/out_data/vm_outputs.json,Notebook has since been updated for independent nested 1/4/8-label experiments; these rows summarize the last completed single-label run.
repeat,after_unlearning,1,starter_kit_for_aol_high_speed,head_only,2,44,3,auto-random from 50 eligible AOL labels; selection seed=42,true,pretrain_AOL.pth,true,0.5,12659,2233,14895,85,15,100,12574,2218,14795,,0.9542,0.9412,,,0.06,1,,,,,,,"Quên đồng thời toàn bộ mẫu của 1 nhãn AOL (starter_kit_for_aol_high_speed). Df được tối ưu thành unknown; Dr giữ nhãn nhị phân gốc. Scope=head_only, 3 epoch; checkpoint chọn theo trung bình Df-validation forget rate và Dr-validation balanced accuracy.",2026-09-22T15:26:55+00:00,vm_code/out_data/vm_outputs.json,Notebook has since been updated for independent nested 1/4/8-label experiments; these rows summarize the last completed single-label run.
repeat,after_unlearning,1,starter_kit_for_aol_high_speed,last_encoder_block,0,42,3,auto-random from 50 eligible AOL labels; selection seed=42,true,pretrain_AOL.pth,true,0.5,12659,2233,14895,85,15,100,12574,2218,14795,,0.9692,0.9564,,,0.06,0.99,,,,,,,"Quên đồng thời toàn bộ mẫu của 1 nhãn AOL (starter_kit_for_aol_high_speed). Df được tối ưu thành unknown; Dr giữ nhãn nhị phân gốc. Scope=last_encoder_block, 3 epoch; checkpoint chọn theo trung bình Df-validation forget rate và Dr-validation balanced accuracy.",2026-09-22T15:26:55+00:00,vm_code/out_data/vm_outputs.json,Notebook has since been updated for independent nested 1/4/8-label experiments; these rows summarize the last completed single-label run.
repeat,after_unlearning,1,starter_kit_for_aol_high_speed,last_encoder_block,1,43,3,auto-random from 50 eligible AOL labels; selection seed=42,true,pretrain_AOL.pth,true,0.5,12659,2233,14895,85,15,100,12574,2218,14795,,0.9696,0.967,,,0.06,1,,,,,,,"Quên đồng thời toàn bộ mẫu của 1 nhãn AOL (starter_kit_for_aol_high_speed). Df được tối ưu thành unknown; Dr giữ nhãn nhị phân gốc. Scope=last_encoder_block, 3 epoch; checkpoint chọn theo trung bình Df-validation forget rate và Dr-validation balanced accuracy.",2026-09-22T15:26:55+00:00,vm_code/out_data/vm_outputs.json,Notebook has since been updated for independent nested 1/4/8-label experiments; these rows summarize the last completed single-label run.
repeat,after_unlearning,1,starter_kit_for_aol_high_speed,last_encoder_block,2,44,3,auto-random from 50 eligible AOL labels; selection seed=42,true,pretrain_AOL.pth,true,0.5,12659,2233,14895,85,15,100,12574,2218,14795,,0.971,0.9632,,,0.06,0.99,,,,,,,"Quên đồng thời toàn bộ mẫu của 1 nhãn AOL (starter_kit_for_aol_high_speed). Df được tối ưu thành unknown; Dr giữ nhãn nhị phân gốc. Scope=last_encoder_block, 3 epoch; checkpoint chọn theo trung bình Df-validation forget rate và Dr-validation balanced accuracy.",2026-09-22T15:26:55+00:00,vm_code/out_data/vm_outputs.json,Notebook has since been updated for independent nested 1/4/8-label experiments; these rows summarize the last completed single-label run.
repeat,after_unlearning,1,starter_kit_for_aol_high_speed,full_encoder_and_head,0,42,3,auto-random from 50 eligible AOL labels; selection seed=42,true,pretrain_AOL.pth,true,0.5,12659,2233,14895,85,15,100,12574,2218,14795,,0.9722,0.964,,,0.06,1,,,,,,,"Quên đồng thời toàn bộ mẫu của 1 nhãn AOL (starter_kit_for_aol_high_speed). Df được tối ưu thành unknown; Dr giữ nhãn nhị phân gốc. Scope=full_encoder_and_head, 3 epoch; checkpoint chọn theo trung bình Df-validation forget rate và Dr-validation balanced accuracy.",2026-09-22T15:26:55+00:00,vm_code/out_data/vm_outputs.json,Notebook has since been updated for independent nested 1/4/8-label experiments; these rows summarize the last completed single-label run.
repeat,after_unlearning,1,starter_kit_for_aol_high_speed,full_encoder_and_head,1,43,3,auto-random from 50 eligible AOL labels; selection seed=42,true,pretrain_AOL.pth,true,0.5,12659,2233,14895,85,15,100,12574,2218,14795,,0.9692,0.9606,,,0.06,1,,,,,,,"Quên đồng thời toàn bộ mẫu của 1 nhãn AOL (starter_kit_for_aol_high_speed). Df được tối ưu thành unknown; Dr giữ nhãn nhị phân gốc. Scope=full_encoder_and_head, 3 epoch; checkpoint chọn theo trung bình Df-validation forget rate và Dr-validation balanced accuracy.",2026-09-22T15:26:55+00:00,vm_code/out_data/vm_outputs.json,Notebook has since been updated for independent nested 1/4/8-label experiments; these rows summarize the last completed single-label run.
repeat,after_unlearning,1,starter_kit_for_aol_high_speed,full_encoder_and_head,2,44,3,auto-random from 50 eligible AOL labels; selection seed=42,true,pretrain_AOL.pth,true,0.5,12659,2233,14895,85,15,100,12574,2218,14795,,0.9719,0.9671,,,0.06,0.95,,,,,,,"Quên đồng thời toàn bộ mẫu của 1 nhãn AOL (starter_kit_for_aol_high_speed). Df được tối ưu thành unknown; Dr giữ nhãn nhị phân gốc. Scope=full_encoder_and_head, 3 epoch; checkpoint chọn theo trung bình Df-validation forget rate và Dr-validation balanced accuracy.",2026-09-22T15:26:55+00:00,vm_code/out_data/vm_outputs.json,Notebook has since been updated for independent nested 1/4/8-label experiments; these rows summarize the last completed single-label run.
aggregate,after_unlearning,1,starter_kit_for_aol_high_speed,head_only,,42|43|44,3,auto-random from 50 eligible AOL labels; selection seed=42,true,pretrain_AOL.pth,true,0.5,12659,2233,14895,85,15,100,12574,2218,14795,,,,,,0.06,,0.9569,0.0019,0.9431,0.0019,1,0,Tổng hợp 3 optimization seed cho scope=head_only. Metric retain tính trên Dr-test gồm 14795 mẫu; forget rate tính trên Df-test gồm 100 mẫu.,2026-09-22T15:26:55+00:00,vm_code/out_data/vm_outputs.json,Notebook has since been updated for independent nested 1/4/8-label experiments; these rows summarize the last completed single-label run.
aggregate,after_unlearning,1,starter_kit_for_aol_high_speed,last_encoder_block,,42|43|44,3,auto-random from 50 eligible AOL labels; selection seed=42,true,pretrain_AOL.pth,true,0.5,12659,2233,14895,85,15,100,12574,2218,14795,,,,,,0.06,,0.9699,0.0008,0.9622,0.0044,0.9933,0.0047,Tổng hợp 3 optimization seed cho scope=last_encoder_block. Metric retain tính trên Dr-test gồm 14795 mẫu; forget rate tính trên Df-test gồm 100 mẫu.,2026-09-22T15:26:55+00:00,vm_code/out_data/vm_outputs.json,Notebook has since been updated for independent nested 1/4/8-label experiments; these rows summarize the last completed single-label run.
aggregate,after_unlearning,1,starter_kit_for_aol_high_speed,full_encoder_and_head,,42|43|44,3,auto-random from 50 eligible AOL labels; selection seed=42,true,pretrain_AOL.pth,true,0.5,12659,2233,14895,85,15,100,12574,2218,14795,,,,,,0.06,,0.9711,0.0013,0.9639,0.0026,0.9833,0.0236,Tổng hợp 3 optimization seed cho scope=full_encoder_and_head. Metric retain tính trên Dr-test gồm 14795 mẫu; forget rate tính trên Df-test gồm 100 mẫu.,2026-09-22T15:26:55+00:00,vm_code/out_data/vm_outputs.json,Notebook has since been updated for independent nested 1/4/8-label experiments; these rows summarize the last completed single-label run.
