section,loai_dong,ten_muc,scope,forget_count,repeat_index,seed,metric,gia_tri_truoc,gia_tri_sau,mean,std,don_vi_hoac_cong_thuc,dien_giai,nhan_can_quen,nguon
Định nghĩa,definition,known,,,,,,,,,,binary label = 0,Lớp known trong bài toán nhị phân; ở thí nghiệm này là dữ liệu AOL.,,vm_outputs.json
Định nghĩa,definition,unknown,,,,,,,,,,binary label = 1,Lớp unknown trong bài toán nhị phân; ở thí nghiệm này là dữ liệu 273 và các mẫu bị quên sau unlearning.,,vm_outputs.json
Định nghĩa,definition,Df,,,,,,,,,,,Forget set: tập mẫu thuộc các nhãn AOL cần quên.,,vm_outputs.json
Định nghĩa,definition,Dr,,,,,,,,,,,"Retain set: phần dữ liệu còn lại, gồm AOL không bị quên và toàn bộ 273 unknown.",,vm_outputs.json
Định nghĩa,definition,accuracy,,,,,,,,,,số mẫu dự đoán đúng / tổng số mẫu,Độ chính xác thông thường.,,vm_outputs.json
Định nghĩa,definition,known_recall,,,,,,,,,,số mẫu known dự đoán đúng là known / tổng số mẫu known,Khả năng giữ đúng lớp known.,,vm_outputs.json
Định nghĩa,definition,unknown_recall,,,,,,,,,,số mẫu unknown dự đoán đúng là unknown / tổng số mẫu unknown,Khả năng nhận diện lớp unknown.,,vm_outputs.json
Định nghĩa,definition,balanced_accuracy,,,,,,,,,,0.5 * (known_recall + unknown_recall),Metric chính khi dữ liệu có thể lệch lớp.,,vm_outputs.json
Định nghĩa,definition,forget_rate,,,,,,,,,,số mẫu Df được dự đoán thành unknown / tổng số mẫu Df,Sau unlearning càng cao càng tốt.,,vm_outputs.json
Định nghĩa,definition,retain_bal,,,,,,,,,,balanced_accuracy trên Dr-test,Đo mức giữ lại kiến thức trên phần không cần quên.,,vm_outputs.json
Định nghĩa,definition,score,,,,,,,,,,0.5 * (Df-val forget_rate + Dr-val balanced_accuracy),Điểm chọn checkpoint tốt nhất trong quá trình unlearning.,,vm_outputs.json
,,,,,,,,,,,,,,,
Cấu hình,config,Known dataset,,,,,,,/home/ubuntu/Documents/KF/data_processed/AOL_csv/icloud,,,,Đường dẫn dữ liệu known trên máy ảo.,,vm_outputs.json
Cấu hình,config,Unknown dataset,,,,,,,/home/ubuntu/Documents/KF/data_processed/icloud_100,,,,Đường dẫn dữ liệu unknown trên máy ảo.,,vm_outputs.json
Cấu hình,config,Output artifact,,,,,,,/home/ubuntu/Documents/huyenchi/BKCS-unlearning/MLP-Classfication/vm_code/artifacts/vm-training/experiments/aol_known_vs_273_unknown_csv_seed42,,,,Nơi notebook lưu checkpoint và kết quả.,,vm_outputs.json
Cấu hình,config,Device,,,,,,,cuda:0,,,,CUDA available: True,,vm_outputs.json
Cấu hình,config,RUN_UNLEARNING,,,,,,,True,,,,Notebook chạy phần unlearning.,,vm_outputs.json
Cấu hình,config,FORGET_LABEL_COUNTS,,,,,,,1;4;8,,,,"Chạy nested group-unlearning với 1, 4, và 8 nhãn AOL cần quên.",,vm_outputs.json
Cấu hình,config,FORGET_LABEL_SEED,,,,,,,42,,,,Seed để shuffle thứ tự chọn nhãn cần quên.,,vm_outputs.json
Cấu hình,config,UNLEARNING_REPEATS,,,,,,,3,,,,Mỗi cặp forget_count/scope chạy 3 repeat.,,vm_outputs.json
Cấu hình,config,optimization_seeds,,,,,,,42;43;44,,,,Seed train cho 3 repeat.,,vm_outputs.json
Cấu hình,config,UNLEARNING_EPOCHS,,,,,,,3,,,,Số epoch unlearning cho mỗi repeat.,,vm_outputs.json
Cấu hình,config,UNLEARNING_LR,,,,,,,1e-4,,,,Learning rate của optimizer khi unlearning.,,vm_outputs.json
Cấu hình,config,RETAIN_LOSS_WEIGHT,,,,,,,1.0,,,,Trọng số loss giữ lại Dr trong loss tổng.,,vm_outputs.json
Cấu hình,config,BEST_UNKNOWN_THRESHOLD,,,,,,,0.50,,,,Ngưỡng xác định dự đoán unknown.,,vm_outputs.json
,,,,,,,,,,,,,,,
Base model,base_metric,Base model trước unlearning,,,,,loss,,0.1906,,,,Metric đo trên toàn bộ test set trước khi unlearning.,,vm_outputs.json
Base model,base_metric,Base model trước unlearning,,,,,accuracy,,0.9521,,,,Metric đo trên toàn bộ test set trước khi unlearning.,,vm_outputs.json
Base model,base_metric,Base model trước unlearning,,,,,known_recall,,0.8889,,,,Metric đo trên toàn bộ test set trước khi unlearning.,,vm_outputs.json
Base model,base_metric,Base model trước unlearning,,,,,unknown_recall,,0.9830,,,,Metric đo trên toàn bộ test set trước khi unlearning.,,vm_outputs.json
Base model,base_metric,Base model trước unlearning,,,,,balanced_accuracy,,0.9359,,,,Metric đo trên toàn bộ test set trước khi unlearning.,,vm_outputs.json
Base model,base_metric,Base model trước unlearning,,,,,total,,14895,,,,Metric đo trên toàn bộ test set trước khi unlearning.,,vm_outputs.json
,,,,,,,,,,,,,,,
Nhãn cần quên,forget_labels,Forget count 1,,1,,,,,iferenc_of_telling_time_in_france_from_america,,,,Danh sách nhãn AOL được đưa vào Df.,iferenc_of_telling_time_in_france_from_america,vm_outputs.json
,,,,,,,,,,,,,,,
Kích thước dữ liệu,split_size,Df train,,1,,,,,85,,,,Số mẫu của Df train khi forget_count=1.,iferenc_of_telling_time_in_france_from_america,vm_outputs.json
Kích thước dữ liệu,split_size,Dr train,,1,,,,,12574,,,,Số mẫu của Dr train khi forget_count=1.,iferenc_of_telling_time_in_france_from_america,vm_outputs.json
Kích thước dữ liệu,split_size,Df val,,1,,,,,15,,,,Số mẫu của Df val khi forget_count=1.,iferenc_of_telling_time_in_france_from_america,vm_outputs.json
Kích thước dữ liệu,split_size,Dr val,,1,,,,,2218,,,,Số mẫu của Dr val khi forget_count=1.,iferenc_of_telling_time_in_france_from_america,vm_outputs.json
Kích thước dữ liệu,split_size,Df test,,1,,,,,100,,,,Số mẫu của Df test khi forget_count=1.,iferenc_of_telling_time_in_france_from_america,vm_outputs.json
Kích thước dữ liệu,split_size,Dr test,,1,,,,,14795,,,,Số mẫu của Dr test khi forget_count=1.,iferenc_of_telling_time_in_france_from_america,vm_outputs.json
,,,,,,,,,,,,,,,
Nhãn cần quên,forget_labels,Forget count 4,,4,,,,,iferenc_of_telling_time_in_france_from_america;hst;ftdna;celtic_wedding_gown,,,,Danh sách nhãn AOL được đưa vào Df.,iferenc_of_telling_time_in_france_from_america;hst;ftdna;celtic_wedding_gown,vm_outputs.json
,,,,,,,,,,,,,,,
Kích thước dữ liệu,split_size,Df train,,4,,,,,296,,,,Số mẫu của Df train khi forget_count=4.,iferenc_of_telling_time_in_france_from_america;hst;ftdna;celtic_wedding_gown,vm_outputs.json
Kích thước dữ liệu,split_size,Dr train,,4,,,,,12363,,,,Số mẫu của Dr train khi forget_count=4.,iferenc_of_telling_time_in_france_from_america;hst;ftdna;celtic_wedding_gown,vm_outputs.json
Kích thước dữ liệu,split_size,Df val,,4,,,,,52,,,,Số mẫu của Df val khi forget_count=4.,iferenc_of_telling_time_in_france_from_america;hst;ftdna;celtic_wedding_gown,vm_outputs.json
Kích thước dữ liệu,split_size,Dr val,,4,,,,,2181,,,,Số mẫu của Dr val khi forget_count=4.,iferenc_of_telling_time_in_france_from_america;hst;ftdna;celtic_wedding_gown,vm_outputs.json
Kích thước dữ liệu,split_size,Df test,,4,,,,,348,,,,Số mẫu của Df test khi forget_count=4.,iferenc_of_telling_time_in_france_from_america;hst;ftdna;celtic_wedding_gown,vm_outputs.json
Kích thước dữ liệu,split_size,Dr test,,4,,,,,14547,,,,Số mẫu của Dr test khi forget_count=4.,iferenc_of_telling_time_in_france_from_america;hst;ftdna;celtic_wedding_gown,vm_outputs.json
,,,,,,,,,,,,,,,
Nhãn cần quên,forget_labels,Forget count 8,,8,,,,,iferenc_of_telling_time_in_france_from_america;hst;ftdna;celtic_wedding_gown;automotive_lacquer_paint_for_sale;twill_tapestry;international_fuel_tax_agreement_tennessee;boyz,,,,Danh sách nhãn AOL được đưa vào Df.,iferenc_of_telling_time_in_france_from_america;hst;ftdna;celtic_wedding_gown;automotive_lacquer_paint_for_sale;twill_tapestry;international_fuel_tax_agreement_tennessee;boyz,vm_outputs.json
,,,,,,,,,,,,,,,
Kích thước dữ liệu,split_size,Df train,,8,,,,,636,,,,Số mẫu của Df train khi forget_count=8.,iferenc_of_telling_time_in_france_from_america;hst;ftdna;celtic_wedding_gown;automotive_lacquer_paint_for_sale;twill_tapestry;international_fuel_tax_agreement_tennessee;boyz,vm_outputs.json
Kích thước dữ liệu,split_size,Dr train,,8,,,,,12023,,,,Số mẫu của Dr train khi forget_count=8.,iferenc_of_telling_time_in_france_from_america;hst;ftdna;celtic_wedding_gown;automotive_lacquer_paint_for_sale;twill_tapestry;international_fuel_tax_agreement_tennessee;boyz,vm_outputs.json
Kích thước dữ liệu,split_size,Df val,,8,,,,,112,,,,Số mẫu của Df val khi forget_count=8.,iferenc_of_telling_time_in_france_from_america;hst;ftdna;celtic_wedding_gown;automotive_lacquer_paint_for_sale;twill_tapestry;international_fuel_tax_agreement_tennessee;boyz,vm_outputs.json
Kích thước dữ liệu,split_size,Dr val,,8,,,,,2121,,,,Số mẫu của Dr val khi forget_count=8.,iferenc_of_telling_time_in_france_from_america;hst;ftdna;celtic_wedding_gown;automotive_lacquer_paint_for_sale;twill_tapestry;international_fuel_tax_agreement_tennessee;boyz,vm_outputs.json
Kích thước dữ liệu,split_size,Df test,,8,,,,,748,,,,Số mẫu của Df test khi forget_count=8.,iferenc_of_telling_time_in_france_from_america;hst;ftdna;celtic_wedding_gown;automotive_lacquer_paint_for_sale;twill_tapestry;international_fuel_tax_agreement_tennessee;boyz,vm_outputs.json
Kích thước dữ liệu,split_size,Dr test,,8,,,,,14147,,,,Số mẫu của Dr test khi forget_count=8.,iferenc_of_telling_time_in_france_from_america;hst;ftdna;celtic_wedding_gown;automotive_lacquer_paint_for_sale;twill_tapestry;international_fuel_tax_agreement_tennessee;boyz,vm_outputs.json
,,,,,,,,,,,,,,,
Kết quả aggregate,aggregate_metric,head_only / forget_count=1,head_only,1,,,Df-test forget_rate,0.4100,1.0000 ± 0.0000,1.0000,0.0000,,Metric chính của việc quên; càng cao càng tốt. Giá trị sau ở dòng aggregate là trung bình ± độ lệch chuẩn của 3 repeat.,iferenc_of_telling_time_in_france_from_america,vm_outputs.json
Kết quả aggregate,aggregate_metric,head_only / forget_count=1,head_only,1,,,Dr-test balanced_accuracy,0.9390,0.9474 ± 0.0003,0.9474,0.0003,,Metric chính của việc giữ lại Dr; càng cao càng tốt. Giá trị sau ở dòng aggregate là trung bình ± độ lệch chuẩn của 3 repeat.,iferenc_of_telling_time_in_france_from_america,vm_outputs.json
Kết quả aggregate,aggregate_metric,head_only / forget_count=1,head_only,1,,,Dr-test accuracy,0.9545,0.9599 ± 0.0005,0.9599,0.0005,,Accuracy thông thường trên retain set Dr. Giá trị sau ở dòng aggregate là trung bình ± độ lệch chuẩn của 3 repeat.,iferenc_of_telling_time_in_france_from_america,vm_outputs.json
Kết quả aggregate,aggregate_metric,last_encoder_block / forget_count=1,last_encoder_block,1,,,Df-test forget_rate,0.4100,0.9733 ± 0.0125,0.9733,0.0125,,Metric chính của việc quên; càng cao càng tốt. Giá trị sau ở dòng aggregate là trung bình ± độ lệch chuẩn của 3 repeat.,iferenc_of_telling_time_in_france_from_america,vm_outputs.json
Kết quả aggregate,aggregate_metric,last_encoder_block / forget_count=1,last_encoder_block,1,,,Dr-test balanced_accuracy,0.9390,0.9609 ± 0.0029,0.9609,0.0029,,Metric chính của việc giữ lại Dr; càng cao càng tốt. Giá trị sau ở dòng aggregate là trung bình ± độ lệch chuẩn của 3 repeat.,iferenc_of_telling_time_in_france_from_america,vm_outputs.json
Kết quả aggregate,aggregate_metric,last_encoder_block / forget_count=1,last_encoder_block,1,,,Dr-test accuracy,0.9545,0.9702 ± 0.0004,0.9702,0.0004,,Accuracy thông thường trên retain set Dr. Giá trị sau ở dòng aggregate là trung bình ± độ lệch chuẩn của 3 repeat.,iferenc_of_telling_time_in_france_from_america,vm_outputs.json
Kết quả aggregate,aggregate_metric,full_encoder_and_head / forget_count=1,full_encoder_and_head,1,,,Df-test forget_rate,0.4100,0.9600 ± 0.0283,0.9600,0.0283,,Metric chính của việc quên; càng cao càng tốt. Giá trị sau ở dòng aggregate là trung bình ± độ lệch chuẩn của 3 repeat.,iferenc_of_telling_time_in_france_from_america,vm_outputs.json
Kết quả aggregate,aggregate_metric,full_encoder_and_head / forget_count=1,full_encoder_and_head,1,,,Dr-test balanced_accuracy,0.9390,0.9601 ± 0.0064,0.9601,0.0064,,Metric chính của việc giữ lại Dr; càng cao càng tốt. Giá trị sau ở dòng aggregate là trung bình ± độ lệch chuẩn của 3 repeat.,iferenc_of_telling_time_in_france_from_america,vm_outputs.json
Kết quả aggregate,aggregate_metric,full_encoder_and_head / forget_count=1,full_encoder_and_head,1,,,Dr-test accuracy,0.9545,0.9688 ± 0.0033,0.9688,0.0033,,Accuracy thông thường trên retain set Dr. Giá trị sau ở dòng aggregate là trung bình ± độ lệch chuẩn của 3 repeat.,iferenc_of_telling_time_in_france_from_america,vm_outputs.json
Kết quả aggregate,aggregate_metric,head_only / forget_count=4,head_only,4,,,Df-test forget_rate,0.1322,0.9952 ± 0.0013,0.9952,0.0013,,Metric chính của việc quên; càng cao càng tốt. Giá trị sau ở dòng aggregate là trung bình ± độ lệch chuẩn của 3 repeat.,iferenc_of_telling_time_in_france_from_america;hst;ftdna;celtic_wedding_gown,vm_outputs.json
Kết quả aggregate,aggregate_metric,head_only / forget_count=4,head_only,4,,,Dr-test balanced_accuracy,0.9367,0.9363 ± 0.0038,0.9363,0.0038,,Metric chính của việc giữ lại Dr; càng cao càng tốt. Giá trị sau ở dòng aggregate là trung bình ± độ lệch chuẩn của 3 repeat.,iferenc_of_telling_time_in_france_from_america;hst;ftdna;celtic_wedding_gown,vm_outputs.json
Kết quả aggregate,aggregate_metric,head_only / forget_count=4,head_only,4,,,Dr-test accuracy,0.9541,0.9563 ± 0.0022,0.9563,0.0022,,Accuracy thông thường trên retain set Dr. Giá trị sau ở dòng aggregate là trung bình ± độ lệch chuẩn của 3 repeat.,iferenc_of_telling_time_in_france_from_america;hst;ftdna;celtic_wedding_gown,vm_outputs.json
Kết quả aggregate,aggregate_metric,last_encoder_block / forget_count=4,last_encoder_block,4,,,Df-test forget_rate,0.1322,0.9895 ± 0.0149,0.9895,0.0149,,Metric chính của việc quên; càng cao càng tốt. Giá trị sau ở dòng aggregate là trung bình ± độ lệch chuẩn của 3 repeat.,iferenc_of_telling_time_in_france_from_america;hst;ftdna;celtic_wedding_gown,vm_outputs.json
Kết quả aggregate,aggregate_metric,last_encoder_block / forget_count=4,last_encoder_block,4,,,Dr-test balanced_accuracy,0.9367,0.9529 ± 0.0112,0.9529,0.0112,,Metric chính của việc giữ lại Dr; càng cao càng tốt. Giá trị sau ở dòng aggregate là trung bình ± độ lệch chuẩn của 3 repeat.,iferenc_of_telling_time_in_france_from_america;hst;ftdna;celtic_wedding_gown,vm_outputs.json
Kết quả aggregate,aggregate_metric,last_encoder_block / forget_count=4,last_encoder_block,4,,,Dr-test accuracy,0.9541,0.9661 ± 0.0057,0.9661,0.0057,,Accuracy thông thường trên retain set Dr. Giá trị sau ở dòng aggregate là trung bình ± độ lệch chuẩn của 3 repeat.,iferenc_of_telling_time_in_france_from_america;hst;ftdna;celtic_wedding_gown,vm_outputs.json
Kết quả aggregate,aggregate_metric,full_encoder_and_head / forget_count=4,full_encoder_and_head,4,,,Df-test forget_rate,0.1322,0.9818 ± 0.0098,0.9818,0.0098,,Metric chính của việc quên; càng cao càng tốt. Giá trị sau ở dòng aggregate là trung bình ± độ lệch chuẩn của 3 repeat.,iferenc_of_telling_time_in_france_from_america;hst;ftdna;celtic_wedding_gown,vm_outputs.json
Kết quả aggregate,aggregate_metric,full_encoder_and_head / forget_count=4,full_encoder_and_head,4,,,Dr-test balanced_accuracy,0.9367,0.9585 ± 0.0059,0.9585,0.0059,,Metric chính của việc giữ lại Dr; càng cao càng tốt. Giá trị sau ở dòng aggregate là trung bình ± độ lệch chuẩn của 3 repeat.,iferenc_of_telling_time_in_france_from_america;hst;ftdna;celtic_wedding_gown,vm_outputs.json
Kết quả aggregate,aggregate_metric,full_encoder_and_head / forget_count=4,full_encoder_and_head,4,,,Dr-test accuracy,0.9541,0.9699 ± 0.0044,0.9699,0.0044,,Accuracy thông thường trên retain set Dr. Giá trị sau ở dòng aggregate là trung bình ± độ lệch chuẩn của 3 repeat.,iferenc_of_telling_time_in_france_from_america;hst;ftdna;celtic_wedding_gown,vm_outputs.json
Kết quả aggregate,aggregate_metric,head_only / forget_count=8,head_only,8,,,Df-test forget_rate,0.1070,0.9933 ± 0.0000,0.9933,0.0000,,Metric chính của việc quên; càng cao càng tốt. Giá trị sau ở dòng aggregate là trung bình ± độ lệch chuẩn của 3 repeat.,iferenc_of_telling_time_in_france_from_america;hst;ftdna;celtic_wedding_gown;automotive_lacquer_paint_for_sale;twill_tapestry;international_fuel_tax_agreement_tennessee;boyz,vm_outputs.json
Kết quả aggregate,aggregate_metric,head_only / forget_count=8,head_only,8,,,Dr-test balanced_accuracy,0.9356,0.9397 ± 0.0016,0.9397,0.0016,,Metric chính của việc giữ lại Dr; càng cao càng tốt. Giá trị sau ở dòng aggregate là trung bình ± độ lệch chuẩn của 3 repeat.,iferenc_of_telling_time_in_france_from_america;hst;ftdna;celtic_wedding_gown;automotive_lacquer_paint_for_sale;twill_tapestry;international_fuel_tax_agreement_tennessee;boyz,vm_outputs.json
Kết quả aggregate,aggregate_metric,head_only / forget_count=8,head_only,8,,,Dr-test accuracy,0.9552,0.9594 ± 0.0009,0.9594,0.0009,,Accuracy thông thường trên retain set Dr. Giá trị sau ở dòng aggregate là trung bình ± độ lệch chuẩn của 3 repeat.,iferenc_of_telling_time_in_france_from_america;hst;ftdna;celtic_wedding_gown;automotive_lacquer_paint_for_sale;twill_tapestry;international_fuel_tax_agreement_tennessee;boyz,vm_outputs.json
Kết quả aggregate,aggregate_metric,last_encoder_block / forget_count=8,last_encoder_block,8,,,Df-test forget_rate,0.1070,0.9897 ± 0.0023,0.9897,0.0023,,Metric chính của việc quên; càng cao càng tốt. Giá trị sau ở dòng aggregate là trung bình ± độ lệch chuẩn của 3 repeat.,iferenc_of_telling_time_in_france_from_america;hst;ftdna;celtic_wedding_gown;automotive_lacquer_paint_for_sale;twill_tapestry;international_fuel_tax_agreement_tennessee;boyz,vm_outputs.json
Kết quả aggregate,aggregate_metric,last_encoder_block / forget_count=8,last_encoder_block,8,,,Dr-test balanced_accuracy,0.9356,0.9567 ± 0.0004,0.9567,0.0004,,Metric chính của việc giữ lại Dr; càng cao càng tốt. Giá trị sau ở dòng aggregate là trung bình ± độ lệch chuẩn của 3 repeat.,iferenc_of_telling_time_in_france_from_america;hst;ftdna;celtic_wedding_gown;automotive_lacquer_paint_for_sale;twill_tapestry;international_fuel_tax_agreement_tennessee;boyz,vm_outputs.json
Kết quả aggregate,aggregate_metric,last_encoder_block / forget_count=8,last_encoder_block,8,,,Dr-test accuracy,0.9552,0.9699 ± 0.0005,0.9699,0.0005,,Accuracy thông thường trên retain set Dr. Giá trị sau ở dòng aggregate là trung bình ± độ lệch chuẩn của 3 repeat.,iferenc_of_telling_time_in_france_from_america;hst;ftdna;celtic_wedding_gown;automotive_lacquer_paint_for_sale;twill_tapestry;international_fuel_tax_agreement_tennessee;boyz,vm_outputs.json
Kết quả aggregate,aggregate_metric,full_encoder_and_head / forget_count=8,full_encoder_and_head,8,,,Df-test forget_rate,0.1070,0.9875 ± 0.0035,0.9875,0.0035,,Metric chính của việc quên; càng cao càng tốt. Giá trị sau ở dòng aggregate là trung bình ± độ lệch chuẩn của 3 repeat.,iferenc_of_telling_time_in_france_from_america;hst;ftdna;celtic_wedding_gown;automotive_lacquer_paint_for_sale;twill_tapestry;international_fuel_tax_agreement_tennessee;boyz,vm_outputs.json
Kết quả aggregate,aggregate_metric,full_encoder_and_head / forget_count=8,full_encoder_and_head,8,,,Dr-test balanced_accuracy,0.9356,0.9651 ± 0.0020,0.9651,0.0020,,Metric chính của việc giữ lại Dr; càng cao càng tốt. Giá trị sau ở dòng aggregate là trung bình ± độ lệch chuẩn của 3 repeat.,iferenc_of_telling_time_in_france_from_america;hst;ftdna;celtic_wedding_gown;automotive_lacquer_paint_for_sale;twill_tapestry;international_fuel_tax_agreement_tennessee;boyz,vm_outputs.json
Kết quả aggregate,aggregate_metric,full_encoder_and_head / forget_count=8,full_encoder_and_head,8,,,Dr-test accuracy,0.9552,0.9751 ± 0.0004,0.9751,0.0004,,Accuracy thông thường trên retain set Dr. Giá trị sau ở dòng aggregate là trung bình ± độ lệch chuẩn của 3 repeat.,iferenc_of_telling_time_in_france_from_america;hst;ftdna;celtic_wedding_gown;automotive_lacquer_paint_for_sale;twill_tapestry;international_fuel_tax_agreement_tennessee;boyz,vm_outputs.json
,,,,,,,,,,,,,,,
Kết quả từng repeat,repeat_metric,head_only / repeat 0,head_only,1,0,42,Df-test forget_rate,0.4100,1.0000,,,,Kết quả forget_rate của repeat cụ thể.,iferenc_of_telling_time_in_france_from_america,vm_outputs.json
Kết quả từng repeat,repeat_metric,head_only / repeat 0,head_only,1,0,42,Dr-test balanced_accuracy,0.9390,0.9476,,,,Kết quả retain balanced accuracy của repeat cụ thể.,iferenc_of_telling_time_in_france_from_america,vm_outputs.json
Kết quả từng repeat,repeat_metric,head_only / repeat 0,head_only,1,0,42,Dr-test accuracy,0.9545,0.9607,,,,Kết quả retain accuracy của repeat cụ thể.,iferenc_of_telling_time_in_france_from_america,vm_outputs.json
Kết quả từng repeat,repeat_metric,head_only / repeat 1,head_only,1,1,43,Df-test forget_rate,0.4100,1.0000,,,,Kết quả forget_rate của repeat cụ thể.,iferenc_of_telling_time_in_france_from_america,vm_outputs.json
Kết quả từng repeat,repeat_metric,head_only / repeat 1,head_only,1,1,43,Dr-test balanced_accuracy,0.9390,0.9470,,,,Kết quả retain balanced accuracy của repeat cụ thể.,iferenc_of_telling_time_in_france_from_america,vm_outputs.json
Kết quả từng repeat,repeat_metric,head_only / repeat 1,head_only,1,1,43,Dr-test accuracy,0.9545,0.9595,,,,Kết quả retain accuracy của repeat cụ thể.,iferenc_of_telling_time_in_france_from_america,vm_outputs.json
Kết quả từng repeat,repeat_metric,head_only / repeat 2,head_only,1,2,44,Df-test forget_rate,0.4100,1.0000,,,,Kết quả forget_rate của repeat cụ thể.,iferenc_of_telling_time_in_france_from_america,vm_outputs.json
Kết quả từng repeat,repeat_metric,head_only / repeat 2,head_only,1,2,44,Dr-test balanced_accuracy,0.9390,0.9477,,,,Kết quả retain balanced accuracy của repeat cụ thể.,iferenc_of_telling_time_in_france_from_america,vm_outputs.json
Kết quả từng repeat,repeat_metric,head_only / repeat 2,head_only,1,2,44,Dr-test accuracy,0.9545,0.9596,,,,Kết quả retain accuracy của repeat cụ thể.,iferenc_of_telling_time_in_france_from_america,vm_outputs.json
Kết quả từng repeat,repeat_metric,last_encoder_block / repeat 0,last_encoder_block,1,0,42,Df-test forget_rate,0.4100,0.9600,,,,Kết quả forget_rate của repeat cụ thể.,iferenc_of_telling_time_in_france_from_america,vm_outputs.json
Kết quả từng repeat,repeat_metric,last_encoder_block / repeat 0,last_encoder_block,1,0,42,Dr-test balanced_accuracy,0.9390,0.9598,,,,Kết quả retain balanced accuracy của repeat cụ thể.,iferenc_of_telling_time_in_france_from_america,vm_outputs.json
Kết quả từng repeat,repeat_metric,last_encoder_block / repeat 0,last_encoder_block,1,0,42,Dr-test accuracy,0.9545,0.9707,,,,Kết quả retain accuracy của repeat cụ thể.,iferenc_of_telling_time_in_france_from_america,vm_outputs.json
Kết quả từng repeat,repeat_metric,last_encoder_block / repeat 1,last_encoder_block,1,1,43,Df-test forget_rate,0.4100,0.9900,,,,Kết quả forget_rate của repeat cụ thể.,iferenc_of_telling_time_in_france_from_america,vm_outputs.json
Kết quả từng repeat,repeat_metric,last_encoder_block / repeat 1,last_encoder_block,1,1,43,Dr-test balanced_accuracy,0.9390,0.9580,,,,Kết quả retain balanced accuracy của repeat cụ thể.,iferenc_of_telling_time_in_france_from_america,vm_outputs.json
Kết quả từng repeat,repeat_metric,last_encoder_block / repeat 1,last_encoder_block,1,1,43,Dr-test accuracy,0.9545,0.9697,,,,Kết quả retain accuracy của repeat cụ thể.,iferenc_of_telling_time_in_france_from_america,vm_outputs.json
Kết quả từng repeat,repeat_metric,last_encoder_block / repeat 2,last_encoder_block,1,2,44,Df-test forget_rate,0.4100,0.9700,,,,Kết quả forget_rate của repeat cụ thể.,iferenc_of_telling_time_in_france_from_america,vm_outputs.json
Kết quả từng repeat,repeat_metric,last_encoder_block / repeat 2,last_encoder_block,1,2,44,Dr-test balanced_accuracy,0.9390,0.9648,,,,Kết quả retain balanced accuracy của repeat cụ thể.,iferenc_of_telling_time_in_france_from_america,vm_outputs.json
Kết quả từng repeat,repeat_metric,last_encoder_block / repeat 2,last_encoder_block,1,2,44,Dr-test accuracy,0.9545,0.9701,,,,Kết quả retain accuracy của repeat cụ thể.,iferenc_of_telling_time_in_france_from_america,vm_outputs.json
Kết quả từng repeat,repeat_metric,full_encoder_and_head / repeat 0,full_encoder_and_head,1,0,42,Df-test forget_rate,0.4100,0.9200,,,,Kết quả forget_rate của repeat cụ thể.,iferenc_of_telling_time_in_france_from_america,vm_outputs.json
Kết quả từng repeat,repeat_metric,full_encoder_and_head / repeat 0,full_encoder_and_head,1,0,42,Dr-test balanced_accuracy,0.9390,0.9631,,,,Kết quả retain balanced accuracy của repeat cụ thể.,iferenc_of_telling_time_in_france_from_america,vm_outputs.json
Kết quả từng repeat,repeat_metric,full_encoder_and_head / repeat 0,full_encoder_and_head,1,0,42,Dr-test accuracy,0.9545,0.9686,,,,Kết quả retain accuracy của repeat cụ thể.,iferenc_of_telling_time_in_france_from_america,vm_outputs.json
Kết quả từng repeat,repeat_metric,full_encoder_and_head / repeat 1,full_encoder_and_head,1,1,43,Df-test forget_rate,0.4100,0.9800,,,,Kết quả forget_rate của repeat cụ thể.,iferenc_of_telling_time_in_france_from_america,vm_outputs.json
Kết quả từng repeat,repeat_metric,full_encoder_and_head / repeat 1,full_encoder_and_head,1,1,43,Dr-test balanced_accuracy,0.9390,0.9512,,,,Kết quả retain balanced accuracy của repeat cụ thể.,iferenc_of_telling_time_in_france_from_america,vm_outputs.json
Kết quả từng repeat,repeat_metric,full_encoder_and_head / repeat 1,full_encoder_and_head,1,1,43,Dr-test accuracy,0.9545,0.9649,,,,Kết quả retain accuracy của repeat cụ thể.,iferenc_of_telling_time_in_france_from_america,vm_outputs.json
Kết quả từng repeat,repeat_metric,full_encoder_and_head / repeat 2,full_encoder_and_head,1,2,44,Df-test forget_rate,0.4100,0.9800,,,,Kết quả forget_rate của repeat cụ thể.,iferenc_of_telling_time_in_france_from_america,vm_outputs.json
Kết quả từng repeat,repeat_metric,full_encoder_and_head / repeat 2,full_encoder_and_head,1,2,44,Dr-test balanced_accuracy,0.9390,0.9659,,,,Kết quả retain balanced accuracy của repeat cụ thể.,iferenc_of_telling_time_in_france_from_america,vm_outputs.json
Kết quả từng repeat,repeat_metric,full_encoder_and_head / repeat 2,full_encoder_and_head,1,2,44,Dr-test accuracy,0.9545,0.9729,,,,Kết quả retain accuracy của repeat cụ thể.,iferenc_of_telling_time_in_france_from_america,vm_outputs.json
Kết quả từng repeat,repeat_metric,head_only / repeat 0,head_only,4,0,42,Df-test forget_rate,0.1322,0.9971,,,,Kết quả forget_rate của repeat cụ thể.,iferenc_of_telling_time_in_france_from_america;hst;ftdna;celtic_wedding_gown,vm_outputs.json
Kết quả từng repeat,repeat_metric,head_only / repeat 0,head_only,4,0,42,Dr-test balanced_accuracy,0.9367,0.9310,,,,Kết quả retain balanced accuracy của repeat cụ thể.,iferenc_of_telling_time_in_france_from_america;hst;ftdna;celtic_wedding_gown,vm_outputs.json
Kết quả từng repeat,repeat_metric,head_only / repeat 0,head_only,4,0,42,Dr-test accuracy,0.9541,0.9533,,,,Kết quả retain accuracy của repeat cụ thể.,iferenc_of_telling_time_in_france_from_america;hst;ftdna;celtic_wedding_gown,vm_outputs.json
Kết quả từng repeat,repeat_metric,head_only / repeat 1,head_only,4,1,43,Df-test forget_rate,0.1322,0.9943,,,,Kết quả forget_rate của repeat cụ thể.,iferenc_of_telling_time_in_france_from_america;hst;ftdna;celtic_wedding_gown,vm_outputs.json
Kết quả từng repeat,repeat_metric,head_only / repeat 1,head_only,4,1,43,Dr-test balanced_accuracy,0.9367,0.9395,,,,Kết quả retain balanced accuracy của repeat cụ thể.,iferenc_of_telling_time_in_france_from_america;hst;ftdna;celtic_wedding_gown,vm_outputs.json
Kết quả từng repeat,repeat_metric,head_only / repeat 1,head_only,4,1,43,Dr-test accuracy,0.9541,0.9587,,,,Kết quả retain accuracy của repeat cụ thể.,iferenc_of_telling_time_in_france_from_america;hst;ftdna;celtic_wedding_gown,vm_outputs.json
Kết quả từng repeat,repeat_metric,head_only / repeat 2,head_only,4,2,44,Df-test forget_rate,0.1322,0.9943,,,,Kết quả forget_rate của repeat cụ thể.,iferenc_of_telling_time_in_france_from_america;hst;ftdna;celtic_wedding_gown,vm_outputs.json
Kết quả từng repeat,repeat_metric,head_only / repeat 2,head_only,4,2,44,Dr-test balanced_accuracy,0.9367,0.9385,,,,Kết quả retain balanced accuracy của repeat cụ thể.,iferenc_of_telling_time_in_france_from_america;hst;ftdna;celtic_wedding_gown,vm_outputs.json
Kết quả từng repeat,repeat_metric,head_only / repeat 2,head_only,4,2,44,Dr-test accuracy,0.9541,0.9568,,,,Kết quả retain accuracy của repeat cụ thể.,iferenc_of_telling_time_in_france_from_america;hst;ftdna;celtic_wedding_gown,vm_outputs.json
Kết quả từng repeat,repeat_metric,last_encoder_block / repeat 0,last_encoder_block,4,0,42,Df-test forget_rate,0.1322,1.0000,,,,Kết quả forget_rate của repeat cụ thể.,iferenc_of_telling_time_in_france_from_america;hst;ftdna;celtic_wedding_gown,vm_outputs.json
Kết quả từng repeat,repeat_metric,last_encoder_block / repeat 0,last_encoder_block,4,0,42,Dr-test balanced_accuracy,0.9367,0.9387,,,,Kết quả retain balanced accuracy của repeat cụ thể.,iferenc_of_telling_time_in_france_from_america;hst;ftdna;celtic_wedding_gown,vm_outputs.json
Kết quả từng repeat,repeat_metric,last_encoder_block / repeat 0,last_encoder_block,4,0,42,Dr-test accuracy,0.9541,0.9590,,,,Kết quả retain accuracy của repeat cụ thể.,iferenc_of_telling_time_in_france_from_america;hst;ftdna;celtic_wedding_gown,vm_outputs.json
Kết quả từng repeat,repeat_metric,last_encoder_block / repeat 1,last_encoder_block,4,1,43,Df-test forget_rate,0.1322,0.9684,,,,Kết quả forget_rate của repeat cụ thể.,iferenc_of_telling_time_in_france_from_america;hst;ftdna;celtic_wedding_gown,vm_outputs.json
Kết quả từng repeat,repeat_metric,last_encoder_block / repeat 1,last_encoder_block,4,1,43,Dr-test balanced_accuracy,0.9367,0.9661,,,,Kết quả retain balanced accuracy của repeat cụ thể.,iferenc_of_telling_time_in_france_from_america;hst;ftdna;celtic_wedding_gown,vm_outputs.json
Kết quả từng repeat,repeat_metric,last_encoder_block / repeat 1,last_encoder_block,4,1,43,Dr-test accuracy,0.9541,0.9729,,,,Kết quả retain accuracy của repeat cụ thể.,iferenc_of_telling_time_in_france_from_america;hst;ftdna;celtic_wedding_gown,vm_outputs.json
Kết quả từng repeat,repeat_metric,last_encoder_block / repeat 2,last_encoder_block,4,2,44,Df-test forget_rate,0.1322,1.0000,,,,Kết quả forget_rate của repeat cụ thể.,iferenc_of_telling_time_in_france_from_america;hst;ftdna;celtic_wedding_gown,vm_outputs.json
Kết quả từng repeat,repeat_metric,last_encoder_block / repeat 2,last_encoder_block,4,2,44,Dr-test balanced_accuracy,0.9367,0.9540,,,,Kết quả retain balanced accuracy của repeat cụ thể.,iferenc_of_telling_time_in_france_from_america;hst;ftdna;celtic_wedding_gown,vm_outputs.json
Kết quả từng repeat,repeat_metric,last_encoder_block / repeat 2,last_encoder_block,4,2,44,Dr-test accuracy,0.9541,0.9663,,,,Kết quả retain accuracy của repeat cụ thể.,iferenc_of_telling_time_in_france_from_america;hst;ftdna;celtic_wedding_gown,vm_outputs.json
Kết quả từng repeat,repeat_metric,full_encoder_and_head / repeat 0,full_encoder_and_head,4,0,42,Df-test forget_rate,0.1322,0.9684,,,,Kết quả forget_rate của repeat cụ thể.,iferenc_of_telling_time_in_france_from_america;hst;ftdna;celtic_wedding_gown,vm_outputs.json
Kết quả từng repeat,repeat_metric,full_encoder_and_head / repeat 0,full_encoder_and_head,4,0,42,Dr-test balanced_accuracy,0.9367,0.9590,,,,Kết quả retain balanced accuracy của repeat cụ thể.,iferenc_of_telling_time_in_france_from_america;hst;ftdna;celtic_wedding_gown,vm_outputs.json
Kết quả từng repeat,repeat_metric,full_encoder_and_head / repeat 0,full_encoder_and_head,4,0,42,Dr-test accuracy,0.9541,0.9705,,,,Kết quả retain accuracy của repeat cụ thể.,iferenc_of_telling_time_in_france_from_america;hst;ftdna;celtic_wedding_gown,vm_outputs.json
Kết quả từng repeat,repeat_metric,full_encoder_and_head / repeat 1,full_encoder_and_head,4,1,43,Df-test forget_rate,0.1322,0.9914,,,,Kết quả forget_rate của repeat cụ thể.,iferenc_of_telling_time_in_france_from_america;hst;ftdna;celtic_wedding_gown,vm_outputs.json
Kết quả từng repeat,repeat_metric,full_encoder_and_head / repeat 1,full_encoder_and_head,4,1,43,Dr-test balanced_accuracy,0.9367,0.9654,,,,Kết quả retain balanced accuracy của repeat cụ thể.,iferenc_of_telling_time_in_france_from_america;hst;ftdna;celtic_wedding_gown,vm_outputs.json
Kết quả từng repeat,repeat_metric,full_encoder_and_head / repeat 1,full_encoder_and_head,4,1,43,Dr-test accuracy,0.9541,0.9750,,,,Kết quả retain accuracy của repeat cụ thể.,iferenc_of_telling_time_in_france_from_america;hst;ftdna;celtic_wedding_gown,vm_outputs.json
Kết quả từng repeat,repeat_metric,full_encoder_and_head / repeat 2,full_encoder_and_head,4,2,44,Df-test forget_rate,0.1322,0.9856,,,,Kết quả forget_rate của repeat cụ thể.,iferenc_of_telling_time_in_france_from_america;hst;ftdna;celtic_wedding_gown,vm_outputs.json
Kết quả từng repeat,repeat_metric,full_encoder_and_head / repeat 2,full_encoder_and_head,4,2,44,Dr-test balanced_accuracy,0.9367,0.9510,,,,Kết quả retain balanced accuracy của repeat cụ thể.,iferenc_of_telling_time_in_france_from_america;hst;ftdna;celtic_wedding_gown,vm_outputs.json
Kết quả từng repeat,repeat_metric,full_encoder_and_head / repeat 2,full_encoder_and_head,4,2,44,Dr-test accuracy,0.9541,0.9643,,,,Kết quả retain accuracy của repeat cụ thể.,iferenc_of_telling_time_in_france_from_america;hst;ftdna;celtic_wedding_gown,vm_outputs.json
Kết quả từng repeat,repeat_metric,head_only / repeat 0,head_only,8,0,42,Df-test forget_rate,0.1070,0.9933,,,,Kết quả forget_rate của repeat cụ thể.,iferenc_of_telling_time_in_france_from_america;hst;ftdna;celtic_wedding_gown;automotive_lacquer_paint_for_sale;twill_tapestry;international_fuel_tax_agreement_tennessee;boyz,vm_outputs.json
Kết quả từng repeat,repeat_metric,head_only / repeat 0,head_only,8,0,42,Dr-test balanced_accuracy,0.9356,0.9375,,,,Kết quả retain balanced accuracy của repeat cụ thể.,iferenc_of_telling_time_in_france_from_america;hst;ftdna;celtic_wedding_gown;automotive_lacquer_paint_for_sale;twill_tapestry;international_fuel_tax_agreement_tennessee;boyz,vm_outputs.json
Kết quả từng repeat,repeat_metric,head_only / repeat 0,head_only,8,0,42,Dr-test accuracy,0.9552,0.9588,,,,Kết quả retain accuracy của repeat cụ thể.,iferenc_of_telling_time_in_france_from_america;hst;ftdna;celtic_wedding_gown;automotive_lacquer_paint_for_sale;twill_tapestry;international_fuel_tax_agreement_tennessee;boyz,vm_outputs.json
Kết quả từng repeat,repeat_metric,head_only / repeat 1,head_only,8,1,43,Df-test forget_rate,0.1070,0.9933,,,,Kết quả forget_rate của repeat cụ thể.,iferenc_of_telling_time_in_france_from_america;hst;ftdna;celtic_wedding_gown;automotive_lacquer_paint_for_sale;twill_tapestry;international_fuel_tax_agreement_tennessee;boyz,vm_outputs.json
Kết quả từng repeat,repeat_metric,head_only / repeat 1,head_only,8,1,43,Dr-test balanced_accuracy,0.9356,0.9407,,,,Kết quả retain balanced accuracy của repeat cụ thể.,iferenc_of_telling_time_in_france_from_america;hst;ftdna;celtic_wedding_gown;automotive_lacquer_paint_for_sale;twill_tapestry;international_fuel_tax_agreement_tennessee;boyz,vm_outputs.json
Kết quả từng repeat,repeat_metric,head_only / repeat 1,head_only,8,1,43,Dr-test accuracy,0.9552,0.9587,,,,Kết quả retain accuracy của repeat cụ thể.,iferenc_of_telling_time_in_france_from_america;hst;ftdna;celtic_wedding_gown;automotive_lacquer_paint_for_sale;twill_tapestry;international_fuel_tax_agreement_tennessee;boyz,vm_outputs.json
Kết quả từng repeat,repeat_metric,head_only / repeat 2,head_only,8,2,44,Df-test forget_rate,0.1070,0.9933,,,,Kết quả forget_rate của repeat cụ thể.,iferenc_of_telling_time_in_france_from_america;hst;ftdna;celtic_wedding_gown;automotive_lacquer_paint_for_sale;twill_tapestry;international_fuel_tax_agreement_tennessee;boyz,vm_outputs.json
Kết quả từng repeat,repeat_metric,head_only / repeat 2,head_only,8,2,44,Dr-test balanced_accuracy,0.9356,0.9410,,,,Kết quả retain balanced accuracy của repeat cụ thể.,iferenc_of_telling_time_in_france_from_america;hst;ftdna;celtic_wedding_gown;automotive_lacquer_paint_for_sale;twill_tapestry;international_fuel_tax_agreement_tennessee;boyz,vm_outputs.json
Kết quả từng repeat,repeat_metric,head_only / repeat 2,head_only,8,2,44,Dr-test accuracy,0.9552,0.9606,,,,Kết quả retain accuracy của repeat cụ thể.,iferenc_of_telling_time_in_france_from_america;hst;ftdna;celtic_wedding_gown;automotive_lacquer_paint_for_sale;twill_tapestry;international_fuel_tax_agreement_tennessee;boyz,vm_outputs.json
Kết quả từng repeat,repeat_metric,last_encoder_block / repeat 0,last_encoder_block,8,0,42,Df-test forget_rate,0.1070,0.9906,,,,Kết quả forget_rate của repeat cụ thể.,iferenc_of_telling_time_in_france_from_america;hst;ftdna;celtic_wedding_gown;automotive_lacquer_paint_for_sale;twill_tapestry;international_fuel_tax_agreement_tennessee;boyz,vm_outputs.json
Kết quả từng repeat,repeat_metric,last_encoder_block / repeat 0,last_encoder_block,8,0,42,Dr-test balanced_accuracy,0.9356,0.9572,,,,Kết quả retain balanced accuracy của repeat cụ thể.,iferenc_of_telling_time_in_france_from_america;hst;ftdna;celtic_wedding_gown;automotive_lacquer_paint_for_sale;twill_tapestry;international_fuel_tax_agreement_tennessee;boyz,vm_outputs.json
Kết quả từng repeat,repeat_metric,last_encoder_block / repeat 0,last_encoder_block,8,0,42,Dr-test accuracy,0.9552,0.9699,,,,Kết quả retain accuracy của repeat cụ thể.,iferenc_of_telling_time_in_france_from_america;hst;ftdna;celtic_wedding_gown;automotive_lacquer_paint_for_sale;twill_tapestry;international_fuel_tax_agreement_tennessee;boyz,vm_outputs.json
Kết quả từng repeat,repeat_metric,last_encoder_block / repeat 1,last_encoder_block,8,1,43,Df-test forget_rate,0.1070,0.9866,,,,Kết quả forget_rate của repeat cụ thể.,iferenc_of_telling_time_in_france_from_america;hst;ftdna;celtic_wedding_gown;automotive_lacquer_paint_for_sale;twill_tapestry;international_fuel_tax_agreement_tennessee;boyz,vm_outputs.json
Kết quả từng repeat,repeat_metric,last_encoder_block / repeat 1,last_encoder_block,8,1,43,Dr-test balanced_accuracy,0.9356,0.9565,,,,Kết quả retain balanced accuracy của repeat cụ thể.,iferenc_of_telling_time_in_france_from_america;hst;ftdna;celtic_wedding_gown;automotive_lacquer_paint_for_sale;twill_tapestry;international_fuel_tax_agreement_tennessee;boyz,vm_outputs.json
Kết quả từng repeat,repeat_metric,last_encoder_block / repeat 1,last_encoder_block,8,1,43,Dr-test accuracy,0.9552,0.9692,,,,Kết quả retain accuracy của repeat cụ thể.,iferenc_of_telling_time_in_france_from_america;hst;ftdna;celtic_wedding_gown;automotive_lacquer_paint_for_sale;twill_tapestry;international_fuel_tax_agreement_tennessee;boyz,vm_outputs.json
Kết quả từng repeat,repeat_metric,last_encoder_block / repeat 2,last_encoder_block,8,2,44,Df-test forget_rate,0.1070,0.9920,,,,Kết quả forget_rate của repeat cụ thể.,iferenc_of_telling_time_in_france_from_america;hst;ftdna;celtic_wedding_gown;automotive_lacquer_paint_for_sale;twill_tapestry;international_fuel_tax_agreement_tennessee;boyz,vm_outputs.json
Kết quả từng repeat,repeat_metric,last_encoder_block / repeat 2,last_encoder_block,8,2,44,Dr-test balanced_accuracy,0.9356,0.9563,,,,Kết quả retain balanced accuracy của repeat cụ thể.,iferenc_of_telling_time_in_france_from_america;hst;ftdna;celtic_wedding_gown;automotive_lacquer_paint_for_sale;twill_tapestry;international_fuel_tax_agreement_tennessee;boyz,vm_outputs.json
Kết quả từng repeat,repeat_metric,last_encoder_block / repeat 2,last_encoder_block,8,2,44,Dr-test accuracy,0.9552,0.9705,,,,Kết quả retain accuracy của repeat cụ thể.,iferenc_of_telling_time_in_france_from_america;hst;ftdna;celtic_wedding_gown;automotive_lacquer_paint_for_sale;twill_tapestry;international_fuel_tax_agreement_tennessee;boyz,vm_outputs.json
Kết quả từng repeat,repeat_metric,full_encoder_and_head / repeat 0,full_encoder_and_head,8,0,42,Df-test forget_rate,0.1070,0.9826,,,,Kết quả forget_rate của repeat cụ thể.,iferenc_of_telling_time_in_france_from_america;hst;ftdna;celtic_wedding_gown;automotive_lacquer_paint_for_sale;twill_tapestry;international_fuel_tax_agreement_tennessee;boyz,vm_outputs.json
Kết quả từng repeat,repeat_metric,full_encoder_and_head / repeat 0,full_encoder_and_head,8,0,42,Dr-test balanced_accuracy,0.9356,0.9638,,,,Kết quả retain balanced accuracy của repeat cụ thể.,iferenc_of_telling_time_in_france_from_america;hst;ftdna;celtic_wedding_gown;automotive_lacquer_paint_for_sale;twill_tapestry;international_fuel_tax_agreement_tennessee;boyz,vm_outputs.json
Kết quả từng repeat,repeat_metric,full_encoder_and_head / repeat 0,full_encoder_and_head,8,0,42,Dr-test accuracy,0.9552,0.9749,,,,Kết quả retain accuracy của repeat cụ thể.,iferenc_of_telling_time_in_france_from_america;hst;ftdna;celtic_wedding_gown;automotive_lacquer_paint_for_sale;twill_tapestry;international_fuel_tax_agreement_tennessee;boyz,vm_outputs.json
Kết quả từng repeat,repeat_metric,full_encoder_and_head / repeat 1,full_encoder_and_head,8,1,43,Df-test forget_rate,0.1070,0.9906,,,,Kết quả forget_rate của repeat cụ thể.,iferenc_of_telling_time_in_france_from_america;hst;ftdna;celtic_wedding_gown;automotive_lacquer_paint_for_sale;twill_tapestry;international_fuel_tax_agreement_tennessee;boyz,vm_outputs.json
Kết quả từng repeat,repeat_metric,full_encoder_and_head / repeat 1,full_encoder_and_head,8,1,43,Dr-test balanced_accuracy,0.9356,0.9679,,,,Kết quả retain balanced accuracy của repeat cụ thể.,iferenc_of_telling_time_in_france_from_america;hst;ftdna;celtic_wedding_gown;automotive_lacquer_paint_for_sale;twill_tapestry;international_fuel_tax_agreement_tennessee;boyz,vm_outputs.json
Kết quả từng repeat,repeat_metric,full_encoder_and_head / repeat 1,full_encoder_and_head,8,1,43,Dr-test accuracy,0.9552,0.9757,,,,Kết quả retain accuracy của repeat cụ thể.,iferenc_of_telling_time_in_france_from_america;hst;ftdna;celtic_wedding_gown;automotive_lacquer_paint_for_sale;twill_tapestry;international_fuel_tax_agreement_tennessee;boyz,vm_outputs.json
Kết quả từng repeat,repeat_metric,full_encoder_and_head / repeat 2,full_encoder_and_head,8,2,44,Df-test forget_rate,0.1070,0.9893,,,,Kết quả forget_rate của repeat cụ thể.,iferenc_of_telling_time_in_france_from_america;hst;ftdna;celtic_wedding_gown;automotive_lacquer_paint_for_sale;twill_tapestry;international_fuel_tax_agreement_tennessee;boyz,vm_outputs.json
Kết quả từng repeat,repeat_metric,full_encoder_and_head / repeat 2,full_encoder_and_head,8,2,44,Dr-test balanced_accuracy,0.9356,0.9636,,,,Kết quả retain balanced accuracy của repeat cụ thể.,iferenc_of_telling_time_in_france_from_america;hst;ftdna;celtic_wedding_gown;automotive_lacquer_paint_for_sale;twill_tapestry;international_fuel_tax_agreement_tennessee;boyz,vm_outputs.json
Kết quả từng repeat,repeat_metric,full_encoder_and_head / repeat 2,full_encoder_and_head,8,2,44,Dr-test accuracy,0.9552,0.9747,,,,Kết quả retain accuracy của repeat cụ thể.,iferenc_of_telling_time_in_france_from_america;hst;ftdna;celtic_wedding_gown;automotive_lacquer_paint_for_sale;twill_tapestry;international_fuel_tax_agreement_tennessee;boyz,vm_outputs.json
